east,north,elev_m,tier,score,unit,age,area_km2,money,tier_name
296747.48,4697100.72,1934.2,3,91.6,Rhyolite (Miocene),Miocene,146.0,0,TIER 3 — EPITHERMAL HOST
330647.37,4690238.40,1736.3,3,79.0,Rhyolite (Miocene),Miocene,6.9,0,TIER 3 — EPITHERMAL HOST
329642.15,4695260.44,1820.0,3,79.0,Rhyolite (Miocene),Miocene,1.4,0,TIER 3 — EPITHERMAL HOST
321993.60,4670006.05,1948.2,3,78.9,Sedimentary rocks associated with Basin and Range extension,Neogene,2.5,0,TIER 3 — EPITHERMAL HOST
251619.59,4664418.99,1717.5,3,78.0,Rhyolite (Miocene),Tortonian,79.0,0,TIER 3 — EPITHERMAL HOST
294564.26,4671467.95,2125.6,3,75.7,Rhyolite (Miocene),Miocene,154.2,0,TIER 3 — EPITHERMAL HOST
280148.82,4661183.63,1756.1,3,75.2,Windermere Supergroup,,9.5,0,TIER 3 — EPITHERMAL HOST
268069.04,4681876.32,1480.3,3,72.7,"Older rhyolite, latite, and andesite",Miocene,45.1,0,TIER 3 — EPITHERMAL HOST
280941.17,4685652.43,2227.7,3,72.2,Windermere Supergroup,,356.6,0,TIER 3 — EPITHERMAL HOST
264576.72,4668863.28,2226.6,3,70.2,Windermere Supergroup,,28.9,0,TIER 3 — EPITHERMAL HOST
326416.85,4693305.32,1654.4,3,70.2,Rhyolite (Miocene),Miocene,6.3,0,TIER 3 — EPITHERMAL HOST
257221.23,4678024.77,1502.1,3,67.0,Sedimentary rocks associated with Basin and Range extension,Neogene,9.1,0,TIER 3 — EPITHERMAL HOST
289080.54,4701900.55,1466.9,3,66.4,Rhyolite (Miocene),Miocene,12.0,0,TIER 3 — EPITHERMAL HOST
240779.57,4679355.61,2207.3,3,66.2,Rhyolite (Miocene),Tortonian,719.6,0,TIER 3 — EPITHERMAL HOST
251180.64,4666625.88,1743.0,3,66.0,Sedimentary rocks associated with Basin and Range extension,Neogene,251.8,0,TIER 3 — EPITHERMAL HOST
332764.36,4676547.27,1699.8,3,64.0,Sedimentary rocks associated with Basin and Range extension,Neogene,14.7,0,TIER 3 — EPITHERMAL HOST
272188.97,4690332.23,1434.4,3,64.0,Rhyolite (Miocene),Tortonian,13.2,0,TIER 3 — EPITHERMAL HOST
319329.36,4678732.95,1693.6,3,64.0,Rhyolite (Miocene),Miocene,2.7,0,TIER 3 — EPITHERMAL HOST
327102.27,4701422.83,1637.4,3,63.9,Rhyolite (Miocene),Miocene,9.9,0,TIER 3 — EPITHERMAL HOST
298927.23,4700710.78,1460.0,3,63.9,Sedimentary rocks associated with Basin and Range extension,Neogene,8.6,0,TIER 3 — EPITHERMAL HOST
243777.29,4653399.80,1651.3,3,63.3,Younger tuffaceous sedimentary rocks,Neogene,4.1,0,TIER 3 — EPITHERMAL HOST
263162.14,4676571.48,1490.7,3,61.6,"Older rhyolite, latite, and andesite",Miocene,3.7,0,TIER 3 — EPITHERMAL HOST
231328.01,4655597.90,1803.8,3,61.5,Sedimentary rocks associated with Basin and Range extension,Neogene,2.4,0,TIER 3 — EPITHERMAL HOST
299140.18,4670506.97,1711.0,3,61.4,Rhyolite (Miocene),Miocene,0.9,0,TIER 3 — EPITHERMAL HOST
273988.10,4659474.93,2079.1,3,60.9,"Older rhyolite, latite, and andesite",Miocene,1.2,0,TIER 3 — EPITHERMAL HOST
328327.95,4707683.73,1608.2,3,60.0,Rhyolite (Miocene),Miocene,8.0,0,TIER 3 — EPITHERMAL HOST
304740.64,4651856.18,1781.9,3,59.9,Basalts,Pliocene,0.0,0,TIER 3 — EPITHERMAL HOST
292074.87,4651798.50,1839.8,3,59.6,Salt Lake Formation?,Neogene,1.6,0,TIER 3 — EPITHERMAL HOST
252587.37,4657189.34,1671.2,3,59.4,Rhyolite (Miocene),Tortonian,1.3,0,TIER 3 — EPITHERMAL HOST
300679.19,4672445.85,1708.2,3,58.6,Rhyolite (Miocene),Miocene,1.5,0,TIER 3 — EPITHERMAL HOST
295963.07,4658006.74,1653.6,3,58.3,Rhyolite (Miocene),Miocene,7.0,0,TIER 3 — EPITHERMAL HOST
302063.16,4651740.41,1819.5,3,58.1,Salt Lake Formation?,Neogene,0.2,0,TIER 3 — EPITHERMAL HOST
257545.03,4652706.44,1733.3,3,57.7,Rhyolites,Miocene,0.3,0,TIER 3 — EPITHERMAL HOST
303882.46,4651758.74,1800.9,3,56.4,Basalts,Pliocene,0.1,0,TIER 3 — EPITHERMAL HOST
229328.42,4653952.50,2012.5,3,56.0,Younger silicic ash flow tuffs,Neogene,0.8,0,TIER 3 — EPITHERMAL HOST
258670.64,4652636.90,1736.3,3,56.0,"Salt Lake Formation and other Basin & Range valley-filling alluvial, lacustrine, and volcanic materials",Neogene,0.1,0,TIER 3 — EPITHERMAL HOST
249446.25,4653129.30,1613.4,3,55.3,"Salt Lake Formation and other Basin & Range valley-filling alluvial, lacustrine, and volcanic materials",Neogene,2.0,0,TIER 3 — EPITHERMAL HOST
258659.90,4667326.72,1555.4,3,54.9,Sedimentary rocks associated with flood basalts,Miocene,1.8,0,TIER 3 — EPITHERMAL HOST
305359.27,4651502.47,1803.9,3,54.6,Basalts,Pliocene,0.1,0,TIER 3 — EPITHERMAL HOST
303076.73,4654682.55,1665.4,3,54.4,Rhyolite (Miocene),Miocene,1.2,0,TIER 3 — EPITHERMAL HOST
232867.16,4653941.66,1943.7,3,54.3,Younger silicic ash flow tuffs,Neogene,4.3,0,TIER 3 — EPITHERMAL HOST
257976.37,4658578.37,1679.5,3,53.4,Sedimentary rocks associated with flood basalts,Miocene,45.7,0,TIER 3 — EPITHERMAL HOST
293803.48,4651683.56,1902.5,3,53.4,Salt Lake Formation?,Neogene,0.3,0,TIER 3 — EPITHERMAL HOST
277219.09,4653505.81,2016.1,3,52.9,Windermere Supergroup,,3.8,0,TIER 3 — EPITHERMAL HOST
254601.16,4652866.68,1563.6,3,52.1,"Salt Lake Formation and other Basin & Range valley-filling alluvial, lacustrine, and volcanic materials",Neogene,1.8,0,TIER 3 — EPITHERMAL HOST
278158.40,4656654.14,1864.6,3,52.1,Windermere Supergroup,,1.7,0,TIER 3 — EPITHERMAL HOST
329635.95,4686334.16,1648.3,3,51.1,Rhyolite (Miocene),Miocene,4.6,0,TIER 3 — EPITHERMAL HOST
282912.14,4666915.70,1678.1,3,49.5,Windermere Supergroup,,3.7,0,TIER 3 — EPITHERMAL HOST
301666.07,4651799.29,1792.3,3,49.2,Basalts,Pliocene,0.1,0,TIER 3 — EPITHERMAL HOST
258528.65,4665304.47,1581.2,3,48.9,"Older rhyolite, latite, and andesite",Miocene,48.7,0,TIER 3 — EPITHERMAL HOST
319351.38,4671578.86,1777.9,3,48.9,Sedimentary rocks associated with Basin and Range extension,Neogene,1.8,0,TIER 3 — EPITHERMAL HOST
321503.98,4653154.24,1730.4,3,48.4,Sedimentary rocks associated with Basin and Range extension,Neogene,4.1,0,TIER 3 — EPITHERMAL HOST
334259.27,4671856.75,1656.8,3,47.9,Sedimentary rocks associated with Basin and Range extension,Neogene,1.5,0,TIER 3 — EPITHERMAL HOST
285100.83,4655645.31,1655.8,3,47.8,"Older rhyolite, latite, and andesite",Miocene,4.3,0,TIER 3 — EPITHERMAL HOST
236299.22,4658576.97,1946.5,3,47.0,Sedimentary rocks associated with Basin and Range extension,Neogene,7.4,0,TIER 3 — EPITHERMAL HOST
324720.26,4702027.82,1531.1,3,46.2,Sedimentary rocks associated with Basin and Range extension,Neogene,34.7,0,TIER 3 — EPITHERMAL HOST
274438.67,4656795.03,1890.7,3,44.8,"Older rhyolite, latite, and andesite",Miocene,0.5,0,TIER 3 — EPITHERMAL HOST
285378.85,4675879.78,1943.8,3,42.8,Windermere Supergroup,,10.3,0,TIER 3 — EPITHERMAL HOST
